科目区分,区分詳細,1年,2年,3年,4年,学期,曜日,時限,科目名,単位数
英語・未修言語(基礎科目),-,1,1,0,0,前期,月,1,Academic English I (201),2
英語・未修言語(基礎科目),-,1,1,0,0,前期,月,1,Academic English I (202),2
英語・未修言語(基礎科目),-,1,1,0,0,前期,月,1,Academic English I (203),2
英語・未修言語(基礎科目),-,1,1,0,0,前期,月,1,Academic English I (204),2
英語・未修言語(基礎科目),-,1,1,0,0,前期,月,1,Academic English I (205),2
英語・未修言語(基礎科目),-,1,1,0,0,前期,月,1,Academic English I (206),2
英語・未修言語(基礎科目),-,1,1,0,0,前期,月,1,Academic English I (207),2
英語・未修言語(基礎科目),-,1,1,0,0,前期,月,1,Academic English I (208),2
英語・未修言語(基礎科目),-,1,1,0,0,前期,月,1,Academic English I (209),2
英語・未修言語(基礎科目),-,1,1,0,0,前期,月,1,Academic English I (210),2
英語・未修言語(基礎科目),-,1,1,0,0,前期,月,1,Practical English Ⅲ(301),1
英語・未修言語(基礎科目),-,1,1,0,0,前期,月,1,Practical English Ⅲ(302),1
英語・未修言語(基礎科目),-,1,1,0,0,前期,月,1,Practical English Ⅲ(303),1
英語・未修言語(基礎科目),-,1,1,0,0,前期,月,1,Practical English Ⅲ(304),1
英語・未修言語(基礎科目),-,1,1,0,0,前期,月,1,Practical English Ⅲ(305),1
英語・未修言語(基礎科目),-,1,1,0,0,前期,月,1,Practical English Ⅲ(306),1
英語・未修言語(基礎科目),-,1,1,0,0,前期,月,1,Practical English Ⅲ(307),1
英語・未修言語(基礎科目),-,1,1,0,0,前期,月,1,Practical English Ⅲ(308),1
英語・未修言語(基礎科目),-,1,1,0,0,前期,月,1,Practical English Ⅲ(309),1
英語・未修言語(基礎科目),-,1,1,0,0,前期,月,1,Practical English Ⅲ(310),1
英語・未修言語(基礎科目),-,1,1,0,0,前期,月,1,Practical English Ⅲ(311),1
英語・未修言語(基礎科目),-,1,1,0,0,前期,月,2,Academic English I (601),2
英語・未修言語(基礎科目),-,1,1,0,0,前期,月,2,Academic English I (602),2
英語・未修言語(基礎科目),-,1,1,0,0,前期,月,2,Academic English I (603),2
英語・未修言語(基礎科目),-,1,1,0,0,前期,月,2,Academic English I (604),2
英語・未修言語(基礎科目),-,1,1,0,0,前期,月,2,Academic English I (605),2
英語・未修言語(基礎科目),-,1,1,0,0,前期,月,2,Academic English I (606),2
英語・未修言語(基礎科目),-,1,1,0,0,前期,月,2,Academic English I (607),2
英語・未修言語(基礎科目),-,1,1,0,0,前期,月,2,Academic English I (608),2
英語・未修言語(基礎科目),-,1,1,0,0,前期,月,2,Practical English Ⅲ(501),1
英語・未修言語(基礎科目),-,1,1,0,0,前期,月,2,Practical English Ⅲ(502),1
英語・未修言語(基礎科目),-,1,1,0,0,前期,月,2,Practical English Ⅲ(503),1
英語・未修言語(基礎科目),-,1,1,0,0,前期,月,2,Practical English Ⅲ(504),1
英語・未修言語(基礎科目),-,1,1,0,0,前期,月,2,Practical English Ⅲ(505),1
英語・未修言語(基礎科目),-,1,1,0,0,前期,月,2,Practical English Ⅲ(506),1
英語・未修言語(基礎科目),-,1,1,0,0,前期,月,2,Academic English Ⅰ(801)(再履修)【南大沢】,2
英語・未修言語(基礎科目),-,1,1,0,0,前期,月,2,実践英語IIa(801)(再履修)【南大沢】,1
英語・未修言語(基礎科目),-,1,1,0,0,前期,月,2,実践英語IIc(801)(再履修)【南大沢】,1
英語・未修言語(基礎科目),-,1,1,0,0,前期,月,2,Practical English Ⅲ(801)(再履修)【南大沢】,1
英語・未修言語(基礎科目),-,1,1,0,0,前期,月,2,Practical English I (609),1
英語・未修言語(基礎科目),-,1,1,0,0,前期,月,2,Practical English I (610),1
英語・未修言語(基礎科目),-,1,1,0,0,前期,月,2,Practical English I (611),1
英語・未修言語(基礎科目),-,1,1,0,0,前期,月,2,Practical English I (612),1
英語・未修言語(基礎科目),-,1,1,0,0,前期,月,2,Practical English I (613),1
英語・未修言語(基礎科目),-,1,1,0,0,前期,月,2,Practical English I (614),1
英語・未修言語(基礎科目),-,1,1,0,0,前期,月,2,Practical English I (615),1
英語・未修言語(基礎科目),-,1,1,0,0,前期,月,2,Practical English I (616),1
英語・未修言語(基礎科目),-,1,1,0,0,前期,月,2,Academic Studies in English,2
英語・未修言語(基礎科目),-,1,1,0,0,前期,月,3,Academic English Ⅰ(802)(再履修)【南大沢】,2
英語・未修言語(基礎科目),-,1,1,0,0,前期,月,3,Academic Studies in English,2
英語・未修言語(基礎科目),-,1,1,0,0,前期,月,3,Academic Studies in English,2
英語・未修言語(基礎科目),-,1,1,0,0,前期,月,3,ドイツ語II 801a,2
英語・未修言語(基礎科目),-,1,1,0,0,前期,月,3,フランス語II 801a,2
英語・未修言語(基礎科目),-,1,1,0,0,前期,月,3,中国語II 801a,2
英語・未修言語(基礎科目),-,1,1,0,0,前期,月,3,朝鮮語II 801a,2
英語・未修言語(基礎科目),-,1,1,0,0,前期,月,4,Practical English Ⅲ(802)(再履修)【南大沢】,1
英語・未修言語(基礎科目),-,1,1,0,0,前期,月,4,実践英語IIc(802)(再履修)【南大沢】,1
英語・未修言語(基礎科目),-,1,1,0,0,前期,月,5,実践英語Ic(801)(再履修)【南大沢】,1
英語・未修言語(基礎科目),-,1,1,0,0,前期,月,5,実践英語IIc(831)(再履修)【日野】,1
英語・未修言語(基礎科目),-,1,1,0,0,前期,月,5,Practical English Ⅲ(831)(再履修)【日野】,1
英語・未修言語(基礎科目),-,1,1,0,0,前期,月,5,Practical English Ⅰ(801)（再履修）【南大沢】,1
英語・未修言語(基礎科目),-,1,1,0,0,後期,月,1,Academic English II (201),2
英語・未修言語(基礎科目),-,1,1,0,0,後期,月,1,Academic English II (202),2
英語・未修言語(基礎科目),-,1,1,0,0,後期,月,1,Academic English II (203),2
英語・未修言語(基礎科目),-,1,1,0,0,後期,月,1,Academic English II (204),2
英語・未修言語(基礎科目),-,1,1,0,0,後期,月,1,Academic English II (205),2
英語・未修言語(基礎科目),-,1,1,0,0,後期,月,1,Academic English II (206),2
英語・未修言語(基礎科目),-,1,1,0,0,後期,月,1,Academic English II (207),2
英語・未修言語(基礎科目),-,1,1,0,0,後期,月,1,Academic English II (208),2
英語・未修言語(基礎科目),-,1,1,0,0,後期,月,1,Academic English II (209),2
英語・未修言語(基礎科目),-,1,1,0,0,後期,月,1,Academic English II (210),2
英語・未修言語(基礎科目),-,1,1,0,0,後期,月,1,Practical English Ⅳ(301),1
英語・未修言語(基礎科目),-,1,1,0,0,後期,月,1,Practical English Ⅳ(302),1
英語・未修言語(基礎科目),-,1,1,0,0,後期,月,1,Practical English Ⅳ(303),1
英語・未修言語(基礎科目),-,1,1,0,0,後期,月,1,Practical English Ⅳ(304),1
英語・未修言語(基礎科目),-,1,1,0,0,後期,月,1,Practical English Ⅳ(305),1
英語・未修言語(基礎科目),-,1,1,0,0,後期,月,1,Practical English Ⅳ(306),1
英語・未修言語(基礎科目),-,1,1,0,0,後期,月,1,Practical English Ⅳ(307),1
英語・未修言語(基礎科目),-,1,1,0,0,後期,月,1,Practical English Ⅳ(308),1
英語・未修言語(基礎科目),-,1,1,0,0,後期,月,1,Practical English Ⅳ(309),1
英語・未修言語(基礎科目),-,1,1,0,0,後期,月,1,Practical English Ⅳ(310),1
英語・未修言語(基礎科目),-,1,1,0,0,後期,月,1,Practical English Ⅳ(311),1
英語・未修言語(基礎科目),-,1,1,0,0,後期,月,2,Academic English II (601),2
英語・未修言語(基礎科目),-,1,1,0,0,後期,月,2,Academic English II (602),2
英語・未修言語(基礎科目),-,1,1,0,0,後期,月,2,Academic English II (603),2
英語・未修言語(基礎科目),-,1,1,0,0,後期,月,2,Academic English II (604),2
英語・未修言語(基礎科目),-,1,1,0,0,後期,月,2,Academic English II (605),2
英語・未修言語(基礎科目),-,1,1,0,0,後期,月,2,Academic English II (606),2
英語・未修言語(基礎科目),-,1,1,0,0,後期,月,2,Academic English II (607),2
英語・未修言語(基礎科目),-,1,1,0,0,後期,月,2,Academic English II (608),2
英語・未修言語(基礎科目),-,1,1,0,0,後期,月,2,Practical English Ⅳ(501),1
英語・未修言語(基礎科目),-,1,1,0,0,後期,月,2,Practical English Ⅳ(502),1
英語・未修言語(基礎科目),-,1,1,0,0,後期,月,2,Practical English Ⅳ(503),1
英語・未修言語(基礎科目),-,1,1,0,0,後期,月,2,Practical English Ⅳ(504),1
英語・未修言語(基礎科目),-,1,1,0,0,後期,月,2,Practical English Ⅳ(505),1
英語・未修言語(基礎科目),-,1,1,0,0,後期,月,2,Practical English Ⅳ(506),1
英語・未修言語(基礎科目),-,1,1,0,0,後期,月,2,Academic English Ⅱ (801)(再履修)【南大沢】,2
英語・未修言語(基礎科目),-,1,1,0,0,後期,月,2,実践英語IIb(801)(再履修)【南大沢】,1
英語・未修言語(基礎科目),-,1,1,0,0,後期,月,2,実践英語IId(801)(再履修)【南大沢】,1
英語・未修言語(基礎科目),-,1,1,0,0,後期,月,2,Practical English Ⅳ(801)(再履修)【南大沢】,1
英語・未修言語(基礎科目),-,1,1,0,0,後期,月,2,Practical English II (609),1
英語・未修言語(基礎科目),-,1,1,0,0,後期,月,2,Practical English II (610),1
英語・未修言語(基礎科目),-,1,1,0,0,後期,月,2,Practical English II (611),1
英語・未修言語(基礎科目),-,1,1,0,0,後期,月,2,Practical English II (612),1
英語・未修言語(基礎科目),-,1,1,0,0,後期,月,2,Practical English II (613),1
英語・未修言語(基礎科目),-,1,1,0,0,後期,月,2,Practical English II (614),1
英語・未修言語(基礎科目),-,1,1,0,0,後期,月,2,Practical English II (615),1
英語・未修言語(基礎科目),-,1,1,0,0,後期,月,2,Practical English II (616),1
英語・未修言語(基礎科目),-,1,1,0,0,後期,月,2,Academic Studies in English,2
英語・未修言語(基礎科目),-,1,1,0,0,後期,月,3,Academic English Ⅱ(802)(再履修)【南大沢】,2
英語・未修言語(基礎科目),-,1,1,0,0,後期,月,3,Academic Studies in English,2
英語・未修言語(基礎科目),-,1,1,0,0,後期,月,3,Academic Studies in English,2
英語・未修言語(基礎科目),-,1,1,0,0,後期,月,3,ドイツ語II 801b,2
英語・未修言語(基礎科目),-,1,1,0,0,後期,月,3,フランス語II 801b,2
英語・未修言語(基礎科目),-,1,1,0,0,後期,月,3,中国語II 801b,2
英語・未修言語(基礎科目),-,1,1,0,0,後期,月,3,朝鮮語II 801b,2
英語・未修言語(基礎科目),-,1,1,0,0,後期,月,4,Practical English Ⅳ(802)(再履修)【南大沢】,1
英語・未修言語(基礎科目),-,1,1,0,0,後期,月,4,実践英語IId(802)(再履修)【南大沢】,1
英語・未修言語(基礎科目),-,1,1,0,0,後期,月,5,実践英語Id(801)(再履修)【南大沢】,1
英語・未修言語(基礎科目),-,1,1,0,0,後期,月,5,実践英語IId(831)(再履修)【日野】,1
英語・未修言語(基礎科目),-,1,1,0,0,後期,月,5,Practical English Ⅳ(831)(再履修)【日野】,1
英語・未修言語(基礎科目),-,1,1,0,0,後期,月,5,Practical English Ⅱ(801)(再履修)【南大沢】,1
英語・未修言語(基礎科目),-,1,1,0,0,後期,月,5,日本語II d,2
英語・未修言語(基礎科目),-,1,1,0,0,通年,月,1,ドイツ語I 101a,4
英語・未修言語(基礎科目),-,1,1,0,0,通年,月,1,ドイツ語I 102a,4
英語・未修言語(基礎科目),-,1,1,0,0,通年,月,1,ドイツ語I 103a,4
英語・未修言語(基礎科目),-,1,1,0,0,通年,月,1,フランス語I 101a,4
英語・未修言語(基礎科目),-,1,1,0,0,通年,月,1,フランス語I 102a,4
英語・未修言語(基礎科目),-,1,1,0,0,通年,月,1,フランス語I 103a,4
英語・未修言語(基礎科目),-,1,1,0,0,通年,月,1,中国語I 101a,4
英語・未修言語(基礎科目),-,1,1,0,0,通年,月,1,中国語I 102a,4
英語・未修言語(基礎科目),-,1,1,0,0,通年,月,1,中国語I 103a,4
英語・未修言語(基礎科目),-,1,1,0,0,通年,月,1,朝鮮語I 101a,4
英語・未修言語(基礎科目),-,1,1,0,0,通年,月,1,朝鮮語I 102a,4
英語・未修言語(基礎科目),-,1,1,0,0,通年,月,2,ドイツ語I 201a,4
英語・未修言語(基礎科目),-,1,1,0,0,通年,月,2,ドイツ語I 202a,4
英語・未修言語(基礎科目),-,1,1,0,0,通年,月,2,ドイツ語I 203a,4
英語・未修言語(基礎科目),-,1,1,0,0,通年,月,2,ドイツ語I 204a,4
英語・未修言語(基礎科目),-,1,1,0,0,通年,月,2,ドイツ語I 205a,4
英語・未修言語(基礎科目),-,1,1,0,0,通年,月,2,フランス語I 201a,4
英語・未修言語(基礎科目),-,1,1,0,0,通年,月,2,フランス語I 202a,4
英語・未修言語(基礎科目),-,1,1,0,0,通年,月,2,フランス語I 203a,4
英語・未修言語(基礎科目),-,1,1,0,0,通年,月,2,中国語I 201a,4
英語・未修言語(基礎科目),-,1,1,0,0,通年,月,2,中国語I 202a,4
英語・未修言語(基礎科目),-,1,1,0,0,通年,月,2,中国語I 203a,4
英語・未修言語(基礎科目),-,1,1,0,0,通年,月,2,中国語I 204a,4
英語・未修言語(基礎科目),-,1,1,0,0,通年,月,2,朝鮮語I 201a,4
英語・未修言語(基礎科目),-,1,1,0,0,通年,月,2,中国語I 205a,4
英語・未修言語(基礎科目),-,1,1,0,0,通年,月,2,朝鮮語I 202a,4
英語・未修言語(基礎科目),-,1,1,0,0,通年,月,3,ラテン語I,4
英語・未修言語(基礎科目),-,1,1,0,0,通年,月,4,日本語I c,4
英語・未修言語(基礎科目),-,1,1,0,0,通年,月,6,スペイン語I,4
理系共通基礎科目,-,1,1,0,0,前期,月,2,線形代数III,2
理系共通基礎科目,-,1,1,0,0,前期,月,3,微分積分I d,2
理系共通基礎科目,-,1,1,0,0,前期,月,3,微分積分I h,2
理系共通基礎科目,-,1,1,0,0,前期,月,3,解析入門I ａ,2
理系共通基礎科目,-,1,1,0,0,前期,月,3,解析入門I ｂ,2
理系共通基礎科目,-,1,1,0,0,前期,月,3,物理学実験第一 d,2
理系共通基礎科目,-,1,1,0,0,前期,月,3,一般生物学I,2
理系共通基礎科目,-,1,1,0,0,前期,月,3,一般生物学I,2
理系共通基礎科目,-,1,1,0,0,前期,月,3,基礎線形代数,2
理系共通基礎科目,-,1,1,0,0,前期,月,4,物理学実験第一 d,2
理系共通基礎科目,-,1,1,0,0,前期,火,2,専門基礎物理I ｂ,2
理系共通基礎科目,-,1,1,0,0,前期,火,3,離散数学入門 ａ,2
理系共通基礎科目,-,1,1,0,0,前期,火,3,離散数学入門 ｂ,2
理系共通基礎科目,-,1,1,0,0,前期,火,3,離散数学入門 ｃ,2
理系共通基礎科目,-,1,1,0,0,前期,火,3,教養基礎物理I c,2
理系共通基礎科目,-,1,1,0,0,前期,火,3,教養基礎物理I d,2
理系共通基礎科目,-,1,1,0,0,前期,火,3,物理通論I a,2
理系共通基礎科目,-,1,1,0,0,前期,火,3,生物学概説IＡ,2
理系共通基礎科目,-,1,1,0,0,前期,火,3,物理通論Ⅰe,2
理系共通基礎科目,-,1,1,0,0,前期,火,4,化学概説I b,2
理系共通基礎科目,-,1,1,0,0,前期,火,4,化学概説I b,2
理系共通基礎科目,-,1,1,0,0,前期,火,4,一般化学I c,2
理系共通基礎科目,-,1,1,0,0,前期,水,1,線形代数I c,2
理系共通基礎科目,-,1,1,0,0,前期,水,1,線形代数I d,2
理系共通基礎科目,-,1,1,0,0,前期,水,1,線形代数I e,2
理系共通基礎科目,-,1,1,0,0,前期,水,1,線形代数Ⅰh,2
理系共通基礎科目,-,1,1,0,0,前期,水,1,生物学概説IＡ,2
理系共通基礎科目,-,1,1,0,0,前期,水,2,微分積分I a,2
理系共通基礎科目,-,1,1,0,0,前期,水,2,微分積分I b,2
理系共通基礎科目,-,1,1,0,0,前期,水,2,微分積分I c,2
理系共通基礎科目,-,1,1,0,0,前期,水,2,微分積分I e,2
理系共通基礎科目,-,1,1,0,0,前期,水,2,微分積分I f,2
理系共通基礎科目,-,1,1,0,0,前期,水,2,微分積分I g,2
理系共通基礎科目,-,1,1,0,0,前期,水,2,解析入門I ｃ,2
理系共通基礎科目,-,1,1,0,0,前期,水,2,解析入門I ｄ,2
理系共通基礎科目,-,1,1,0,0,前期,水,2,解析入門I e,2
理系共通基礎科目,-,1,1,0,0,前期,水,3,物理通論I c,2
理系共通基礎科目,-,1,1,0,0,前期,水,3,微分積分III,2
理系共通基礎科目,-,1,1,0,0,前期,水,3,教養基礎物理I b,2
理系共通基礎科目,-,1,1,0,0,前期,水,3,物理通論I b,2
理系共通基礎科目,-,1,1,0,0,前期,水,3,物理通論I d,2
理系共通基礎科目,-,1,1,0,0,前期,水,3,化学実験 b,2
理系共通基礎科目,-,1,1,0,0,前期,水,3,教養基礎物理Ⅰe,2
理系共通基礎科目,-,1,1,0,0,前期,水,3,線形代数II z,2
理系共通基礎科目,-,1,1,0,0,前期,水,4,化学実験 b,2
理系共通基礎科目,-,1,1,0,0,前期,木,3,物理学実験第一 e,2
理系共通基礎科目,-,1,1,0,0,前期,木,3,一般化学I b,2
理系共通基礎科目,-,1,1,0,0,前期,木,3,化学実験 c,2
理系共通基礎科目,-,1,1,0,0,前期,木,3,一般化学II z,2
理系共通基礎科目,-,1,1,0,0,前期,木,4,物理学実験第一 e,2
理系共通基礎科目,-,1,1,0,0,前期,木,4,化学実験 c,2
理系共通基礎科目,-,1,1,0,0,前期,木,5,一般化学I a,2
理系共通基礎科目,-,1,1,0,0,前期,金,2,専門基礎物理I ａ,2
理系共通基礎科目,-,1,1,0,0,前期,金,3,線形代数I a,2
理系共通基礎科目,-,1,1,0,0,前期,金,3,線形代数I b,2
理系共通基礎科目,-,1,1,0,0,前期,金,3,線形代数I f,2
理系共通基礎科目,-,1,1,0,0,前期,金,3,線形代数I g,2
理系共通基礎科目,-,1,1,0,0,前期,金,3,物理学実験第一 c,2
理系共通基礎科目,-,1,1,0,0,前期,金,3,教養基礎物理II z,2
理系共通基礎科目,-,1,1,0,0,前期,金,4,物理学実験第一 c,2
理系共通基礎科目,-,1,1,0,0,後期,月,3,微分積分II d,2
理系共通基礎科目,-,1,1,0,0,後期,月,3,微分積分II h,2
理系共通基礎科目,-,1,1,0,0,後期,月,3,解析入門II ａ,2
理系共通基礎科目,-,1,1,0,0,後期,月,3,解析入門II ｂ,2
理系共通基礎科目,-,1,1,0,0,後期,月,3,解析入門II ｃ,2
理系共通基礎科目,-,1,1,0,0,後期,月,3,解析入門II d,2
理系共通基礎科目,-,1,1,0,0,後期,月,3,一般生物学II,2
理系共通基礎科目,-,1,1,0,0,後期,月,3,基礎微分積分,2
理系共通基礎科目,-,1,1,0,0,後期,火,2,専門基礎物理II ｂ,2
理系共通基礎科目,-,1,1,0,0,後期,火,3,確率統計 ａ,2
理系共通基礎科目,-,1,1,0,0,後期,火,3,確率統計 ｂ,2
理系共通基礎科目,-,1,1,0,0,後期,火,3,確率統計 ｃ,2
理系共通基礎科目,-,1,1,0,0,後期,火,3,教養基礎物理II c,2
理系共通基礎科目,-,1,1,0,0,後期,火,3,教養基礎物理II d,2
理系共通基礎科目,-,1,1,0,0,後期,火,3,物理通論II a,2
理系共通基礎科目,-,1,1,0,0,後期,火,3,生物学概説IIＡ,2
理系共通基礎科目,-,1,1,0,0,後期,火,3,物理通論Ⅱe,2
理系共通基礎科目,-,1,1,0,0,後期,火,4,化学概説II b,2
理系共通基礎科目,-,1,1,0,0,後期,水,1,線形代数II c,2
理系共通基礎科目,-,1,1,0,0,後期,水,1,線形代数II d,2
理系共通基礎科目,-,1,1,0,0,後期,水,1,線形代数II e,2
理系共通基礎科目,-,1,1,0,0,後期,水,1,線形代数II h,2
理系共通基礎科目,-,1,1,0,0,後期,水,1,生物学概説IIＡ,2
理系共通基礎科目,-,1,1,0,0,後期,水,2,微分積分II a,2
理系共通基礎科目,-,1,1,0,0,後期,水,2,微分積分II b,2
理系共通基礎科目,-,1,1,0,0,後期,水,2,微分積分II c,2
理系共通基礎科目,-,1,1,0,0,後期,水,2,微分積分II e,2
理系共通基礎科目,-,1,1,0,0,後期,水,2,微分積分II f,2
理系共通基礎科目,-,1,1,0,0,後期,水,2,微分積分II g,2
理系共通基礎科目,-,1,1,0,0,後期,水,2,微分積分I z,2
理系共通基礎科目,-,1,1,0,0,後期,水,3,物理通論II c,2
理系共通基礎科目,-,1,1,0,0,後期,水,3,教養基礎物理II b,2
理系共通基礎科目,-,1,1,0,0,後期,水,3,物理通論II b,2
理系共通基礎科目,-,1,1,0,0,後期,水,3,物理通論II d,2
理系共通基礎科目,-,1,1,0,0,後期,水,3,教養基礎物理Ⅱe,2
理系共通基礎科目,-,1,1,0,0,後期,木,3,物理学実験第一 b,2
理系共通基礎科目,-,1,1,0,0,後期,木,3,一般化学II b,2
理系共通基礎科目,-,1,1,0,0,後期,木,3,応用数理概論I ａ,2
理系共通基礎科目,-,1,1,0,0,後期,木,3,応用数理概論I ｂ,2
理系共通基礎科目,-,1,1,0,0,後期,木,4,物理学実験第一 b,2
理系共通基礎科目,-,1,1,0,0,後期,金,2,専門基礎物理II ａ,2
理系共通基礎科目,-,1,1,0,0,後期,金,3,線形代数II a,2
理系共通基礎科目,-,1,1,0,0,後期,金,3,線形代数II b,2
理系共通基礎科目,-,1,1,0,0,後期,金,3,線形代数II f,2
理系共通基礎科目,-,1,1,0,0,後期,金,3,線形代数II g,2
理系共通基礎科目,-,1,1,0,0,後期,金,3,化学実験 d,2
理系共通基礎科目,-,1,1,0,0,後期,金,4,化学実験 d,2
理系共通基礎科目,-,1,1,0,0,後期,金,4,一般化学II a,2
基盤科目,-,1,1,0,0,前期,月,1,統計学Ⅰ,2
基盤科目,-,1,1,0,0,前期,月,1,計算の理論,2
基盤科目,-,1,1,0,0,前期,月,1,会計学入門,2
基盤科目,-,1,1,0,0,後期,月,1,統計学II,2
基盤科目,-,1,1,0,0,後期,月,1,情報システム入門,2
基盤科目,-,1,1,0,0,前期,月,2,入門ミクロ経済学,2
基盤科目,-,1,1,0,0,前期,月,2,環境と建築,2
基盤科目,-,1,1,0,0,後期,月,2,建築文化論,2
基盤科目,-,1,1,0,0,後期,月,2,現代的教養のための確率統計,2
基盤科目,-,1,1,0,0,後期,月,2,経済史・思想入門,2
基盤科目,-,1,1,0,0,後期,月,2,心理学研究法,2
基盤科目,-,1,1,0,0,前期,月,4,人間・文化・社会,2
基盤科目,-,1,1,0,0,前期,月,4,リハビリテーション概論,2
基盤科目,-,1,1,0,0,後期,月,4,政治理論入門,2
基盤科目,-,1,1,0,0,前期,火,1,統計学Ⅰ,2
基盤科目,-,1,1,0,0,後期,火,1,統計学II,2
基盤科目,-,1,1,0,0,後期,火,1,基本動作と移動障害,2
基盤科目,-,1,1,0,0,前期,火,2,文化人類学Ａ,2
基盤科目,-,1,1,0,0,前期,火,2,保健医療概論,2
基盤科目,-,1,1,0,0,前期,火,2,エアフレームデザイン概論,2
基盤科目,-,1,1,0,0,前期,火,2,教育学,2
基盤科目,-,1,1,0,0,前期,火,2,情報科学入門,2
基盤科目,-,1,1,0,0,後期,火,2,文化人類学Ｂ,2
基盤科目,-,1,1,0,0,後期,火,2,数学の歴史,2
基盤科目,-,1,1,0,0,後期,火,2,医療と情報,2
基盤科目,-,1,1,0,0,後期,火,2,心理学概論,2
基盤科目,-,1,1,0,0,後期,火,2,教育学,2
基盤科目,-,1,1,0,0,後期,火,2,基本動作と移動障害,2
基盤科目,-,1,1,0,0,後期,火,2,電磁気入門,2
基盤科目,-,1,1,0,0,前期,火,3,社会学Ａ文,2
基盤科目,-,1,1,0,0,前期,火,3,デザインマネジメント概論,2
基盤科目,-,1,1,0,0,後期,火,3,社会学Ｂ文,2
基盤科目,-,1,1,0,0,前期,火,4,論理学Ａ,2
基盤科目,-,1,1,0,0,前期,火,4,社会福祉学,2
基盤科目,-,1,1,0,0,後期,火,4,論理学Ｂ,2
基盤科目,-,1,1,0,0,前期,木,1,倫理学Ａ,2
基盤科目,-,1,1,0,0,後期,木,1,哲学Ａ,2
基盤科目,-,1,1,0,0,前期,木,2,経営学入門,2
基盤科目,-,1,1,0,0,前期,木,2,刑事法入門,2
基盤科目,-,1,1,0,0,前期,木,2,社会学Ａ理,2
基盤科目,-,1,1,0,0,後期,木,2,民事法入門,2
基盤科目,-,1,1,0,0,後期,木,2,倫理学Ｂ,2
基盤科目,-,1,1,0,0,後期,木,2,社会学Ｂ理,2
基盤科目,-,1,1,0,0,前期,金,1,法学入門,2
基盤科目,-,1,1,0,0,前期,金,1,統計学Ⅰ,2
基盤科目,-,1,1,0,0,後期,金,1,統計学II,2
基盤科目,-,1,1,0,0,前期,金,2,現代政治入門,2
基盤科目,-,1,1,0,0,後期,金,2,人間発達学,2
基盤科目,-,1,1,0,0,前期,金,4,入門マクロ経済学,2
基盤科目,-,1,1,0,0,後期,金,4,哲学Ｂ,2
教養科目,-,1,1,0,0,前期,月,1,Japanese Language and Society,2
教養科目,-,1,1,0,0,前期,月,2,都市空間の人文地理,2
教養科目,-,1,1,0,0,前期,月,2,ドイツ語圏の文化,2
教養科目,-,1,1,0,0,前期,月,2,歴史学入門,2
教養科目,-,1,1,0,0,前期,月,2,素粒子から宇宙,2
教養科目,-,1,1,0,0,前期,月,2,日本語と社会と文化,2
教養科目,-,1,1,0,0,前期,月,2,都市の技術,2
教養科目,-,1,1,0,0,前期,月,3,英語圏の文化,2
教養科目,-,1,1,0,0,前期,月,3,表象文化論基礎,2
教養科目,-,1,1,0,0,前期,月,6,細胞の世界,2
教養科目,-,1,1,0,0,前期,火,1,現代社会・化学の役割,2
教養科目,-,1,1,0,0,前期,火,2,西洋の歴史と社会・文化,2
教養科目,-,1,1,0,0,前期,火,2,宇宙地球物質の化学,2
教養科目,-,1,1,0,0,前期,火,2,日本語と日本文学Ｂ,2
教養科目,-,1,1,0,0,前期,火,2,臨床心理学概論,2
教養科目,-,1,1,0,0,前期,火,2,環境破壊史,2
教養科目,-,1,1,0,0,前期,火,2,Contemporary Japanese Society,2
教養科目,-,1,1,0,0,前期,火,6,動物の生態と多様性,2
教養科目,-,1,1,0,0,前期,水,2,"Family, Work, and Gender in Japan",2
教養科目,-,1,1,0,0,前期,水,3,日本国憲法,2
教養科目,-,1,1,0,0,前期,水,3,西洋古典学Ａ,2
教養科目,-,1,1,0,0,前期,木,1,Current Issues in Cross-cultural Communication,2
教養科目,-,1,1,0,0,前期,木,1,スポーツ栄養学,2
教養科目,-,1,1,0,0,前期,木,1,天気・天候・気候を読む　－教養としての天気予報－,2
教養科目,-,1,1,0,0,前期,木,2,アジアの言語と文化Ａ,2
教養科目,-,1,1,0,0,前期,木,2,アジアの歴史と社会・文化,2
教養科目,-,1,1,0,0,前期,木,2,心の哲学,2
教養科目,-,1,1,0,0,前期,木,2,エクササイズ科学,2
教養科目,-,1,1,0,0,前期,木,2,バイオテクノロジー,2
教養科目,-,1,1,0,0,前期,木,2,現代青年と心理,2
教養科目,-,1,1,0,0,前期,木,4,科学史Ａ,2
教養科目,-,1,1,0,0,前期,金,1,認知と行動,2
教養科目,-,1,1,0,0,前期,金,1,環境調和化学入門,2
教養科目,-,1,1,0,0,前期,金,1,スポーツ・健康と脳科学,2
教養科目,-,1,1,0,0,前期,金,1,観光科学概論,2
教養科目,-,1,1,0,0,前期,金,2,行動生理学,2
教養科目,-,1,1,0,0,前期,金,2,考古学入門,2
教養科目,-,1,1,0,0,前期,金,2,Sustainability Studies and Global Environmental Governance,2
教養科目,-,1,1,0,0,前期,金,3,デザインと生活,2
教養科目,-,1,1,0,0,前期,金,3,都市政策科学概論,2
教養科目,-,1,1,0,0,前期,金,4,地球環境と人類の歴史,2
教養科目,-,1,1,0,0,後期,月,1,The Japanese Language,2
教養科目,-,1,1,0,0,後期,月,1,先端生命化学入門,2
教養科目,-,1,1,0,0,後期,月,1,生体と機械,2
教養科目,-,1,1,0,0,後期,月,2,地域環境の人文地理,2
教養科目,-,1,1,0,0,後期,月,2,フランス語圏の文化,2
教養科目,-,1,1,0,0,後期,月,2,生態と環境,2
教養科目,-,1,1,0,0,後期,月,2,人工物のテクノロジー,2
教養科目,-,1,1,0,0,後期,月,2,教養としてのデータリテラシー,2
教養科目,-,1,1,0,0,後期,月,3,大地の成り立ちを探る,2
教養科目,-,1,1,0,0,後期,月,4,文学概論,2
教養科目,-,1,1,0,0,後期,月,6,人間生物学,2
教養科目,-,1,1,0,0,後期,火,1,生体機能調節学,2
教養科目,-,1,1,0,0,後期,火,2,Diversity and Society,2
教養科目,-,1,1,0,0,後期,火,4,総合ゼミナール,2
教養科目,-,1,1,0,0,後期,火,4,総合ゼミナール,2
教養科目,-,1,1,0,0,後期,水,2,SDGs: Solutions to Environmental Challenges,2
教養科目,-,1,1,0,0,後期,水,3,西洋古典学Ｂ,2
教養科目,-,1,1,0,0,後期,水,3,ツーリズム産業論,2
教養科目,-,1,1,0,0,後期,水,3,"Globalization, Culture and Society",2
教養科目,-,1,1,0,0,後期,水,4,総合ゼミナール,2
教養科目,-,1,1,0,0,後期,水,6,日本国憲法,2
教養科目,-,1,1,0,0,後期,木,1,現代物理学の考え方,2
教養科目,-,1,1,0,0,後期,木,1,Understanding Popular Culture in Japan and Beyond,2
教養科目,-,1,1,0,0,後期,木,2,日本の歴史と社会・文化,2
教養科目,-,1,1,0,0,後期,木,2,ことばの科学,2
教養科目,-,1,1,0,0,後期,木,2,生活と福祉,2
教養科目,-,1,1,0,0,後期,木,2,フィールドワークからみる現代世界,2
教養科目,-,1,1,0,0,後期,木,5,科学史Ｂ,2
教養科目,-,1,1,0,0,後期,金,1,ゲノム科学,2
教養科目,-,1,1,0,0,後期,金,1,大気と水の循環を学ぶ,2
教養科目,-,1,1,0,0,後期,金,1,エネルギー化学入門,2
教養科目,-,1,1,0,0,後期,金,1,生体分子の構造と生命機能,2
教養科目,-,1,1,0,0,後期,金,2,進化生物学,2
教養科目,-,1,1,0,0,後期,金,2,自然災害と社会,2
教養科目,-,1,1,0,0,後期,金,2,現代分子科学,2
教養科目,-,1,1,0,0,後期,金,2,Japanese Nature and Satoyama,2
教養科目,-,1,1,0,0,後期,金,2,運動生命医科学,2
教養科目,-,1,1,0,0,後期,金,5,人間らしく働くこと・働く者の権利・権利を守ること,2
基礎ゼミ・情報リテ(基礎科目）,-,1,1,0,0,前期,月,2,情報リテラシー実践I 73,2
基礎ゼミ・情報リテ(基礎科目）,-,1,1,0,0,前期,月,2,情報リテラシー実践I 74,2
基礎ゼミ・情報リテ(基礎科目）,-,1,1,0,0,前期,月,2,情報リテラシー実践I 75,2
基礎ゼミ・情報リテ(基礎科目）,-,1,1,0,0,前期,月,2,情報リテラシー実践I 71,2
基礎ゼミ・情報リテ(基礎科目）,-,1,1,0,0,前期,月,2,情報リテラシー実践I 72,2
基礎ゼミ・情報リテ(基礎科目）,-,1,1,0,0,前期,月,5,基礎ゼミナール,2
基礎ゼミ・情報リテ(基礎科目）,-,1,1,0,0,前期,月,5,基礎ゼミナール,2
基礎ゼミ・情報リテ(基礎科目）,-,1,1,0,0,前期,月,5,基礎ゼミナール,2
基礎ゼミ・情報リテ(基礎科目）,-,1,1,0,0,前期,月,5,基礎ゼミナール,2
基礎ゼミ・情報リテ(基礎科目）,-,1,1,0,0,前期,月,5,基礎ゼミナール,2
基礎ゼミ・情報リテ(基礎科目）,-,1,1,0,0,前期,月,5,基礎ゼミナール,2
基礎ゼミ・情報リテ(基礎科目）,-,1,1,0,0,前期,月,5,基礎ゼミナール,2
基礎ゼミ・情報リテ(基礎科目）,-,1,1,0,0,前期,月,5,基礎ゼミナール,2
基礎ゼミ・情報リテ(基礎科目）,-,1,1,0,0,前期,月,5,基礎ゼミナール,2
基礎ゼミ・情報リテ(基礎科目）,-,1,1,0,0,前期,月,5,基礎ゼミナール,2
基礎ゼミ・情報リテ(基礎科目）,-,1,1,0,0,前期,月,5,基礎ゼミナール,2
基礎ゼミ・情報リテ(基礎科目）,-,1,1,0,0,前期,月,5,基礎ゼミナール,2
基礎ゼミ・情報リテ(基礎科目）,-,1,1,0,0,前期,月,5,基礎ゼミナール,2
基礎ゼミ・情報リテ(基礎科目）,-,1,1,0,0,前期,月,5,基礎ゼミナール,2
基礎ゼミ・情報リテ(基礎科目）,-,1,1,0,0,前期,月,5,基礎ゼミナール,2
基礎ゼミ・情報リテ(基礎科目）,-,1,1,0,0,前期,月,5,基礎ゼミナール,2
基礎ゼミ・情報リテ(基礎科目）,-,1,1,0,0,前期,月,5,基礎ゼミナール,2
基礎ゼミ・情報リテ(基礎科目）,-,1,1,0,0,前期,月,5,基礎ゼミナール,2
基礎ゼミ・情報リテ(基礎科目）,-,1,1,0,0,前期,月,5,基礎ゼミナール,2
基礎ゼミ・情報リテ(基礎科目）,-,1,1,0,0,前期,月,5,基礎ゼミナール,2
基礎ゼミ・情報リテ(基礎科目）,-,1,1,0,0,前期,月,5,基礎ゼミナール,2
基礎ゼミ・情報リテ(基礎科目）,-,1,1,0,0,前期,月,5,基礎ゼミナール,2
基礎ゼミ・情報リテ(基礎科目）,-,1,1,0,0,前期,火,2,情報リテラシー実践I 42,2
基礎ゼミ・情報リテ(基礎科目）,-,1,1,0,0,前期,火,2,情報リテラシー実践I 44,2
基礎ゼミ・情報リテ(基礎科目）,-,1,1,0,0,前期,火,2,情報リテラシー実践I 41,2
基礎ゼミ・情報リテ(基礎科目）,-,1,1,0,0,前期,火,3,情報リテラシー実践I 51,2
基礎ゼミ・情報リテ(基礎科目）,-,1,1,0,0,前期,火,3,情報リテラシー実践I 53,2
基礎ゼミ・情報リテ(基礎科目）,-,1,1,0,0,前期,火,3,情報リテラシー実践I 54,2
基礎ゼミ・情報リテ(基礎科目）,-,1,1,0,0,前期,火,5,基礎ゼミナール,2
基礎ゼミ・情報リテ(基礎科目）,-,1,1,0,0,前期,火,5,基礎ゼミナール,2
基礎ゼミ・情報リテ(基礎科目）,-,1,1,0,0,前期,火,5,基礎ゼミナール,2
基礎ゼミ・情報リテ(基礎科目）,-,1,1,0,0,前期,火,5,基礎ゼミナール,2
基礎ゼミ・情報リテ(基礎科目）,-,1,1,0,0,前期,火,5,基礎ゼミナール,2
基礎ゼミ・情報リテ(基礎科目）,-,1,1,0,0,前期,火,5,基礎ゼミナール,2
基礎ゼミ・情報リテ(基礎科目）,-,1,1,0,0,前期,火,5,基礎ゼミナール,2
基礎ゼミ・情報リテ(基礎科目）,-,1,1,0,0,前期,火,5,基礎ゼミナール,2
基礎ゼミ・情報リテ(基礎科目）,-,1,1,0,0,前期,火,5,基礎ゼミナール,2
基礎ゼミ・情報リテ(基礎科目）,-,1,1,0,0,前期,火,5,基礎ゼミナール,2
基礎ゼミ・情報リテ(基礎科目）,-,1,1,0,0,前期,火,5,基礎ゼミナール,2
基礎ゼミ・情報リテ(基礎科目）,-,1,1,0,0,前期,火,5,基礎ゼミナール,2
基礎ゼミ・情報リテ(基礎科目）,-,1,1,0,0,前期,火,5,基礎ゼミナール,2
基礎ゼミ・情報リテ(基礎科目）,-,1,1,0,0,前期,火,5,基礎ゼミナール,2
基礎ゼミ・情報リテ(基礎科目）,-,1,1,0,0,前期,火,5,基礎ゼミナール,2
基礎ゼミ・情報リテ(基礎科目）,-,1,1,0,0,前期,火,5,基礎ゼミナール,2
基礎ゼミ・情報リテ(基礎科目）,-,1,1,0,0,前期,火,5,基礎ゼミナール,2
基礎ゼミ・情報リテ(基礎科目）,-,1,1,0,0,前期,火,5,基礎ゼミナール,2
基礎ゼミ・情報リテ(基礎科目）,-,1,1,0,0,前期,火,5,基礎ゼミナール,2
基礎ゼミ・情報リテ(基礎科目）,-,1,1,0,0,前期,火,5,基礎ゼミナール,2
基礎ゼミ・情報リテ(基礎科目）,-,1,1,0,0,前期,火,5,基礎ゼミナール,2
基礎ゼミ・情報リテ(基礎科目）,-,1,1,0,0,前期,火,5,基礎ゼミナール,2
基礎ゼミ・情報リテ(基礎科目）,-,1,1,0,0,前期,水,2,情報リテラシー実践I 31,2
基礎ゼミ・情報リテ(基礎科目）,-,1,1,0,0,前期,水,2,情報リテラシー実践I 32,2
基礎ゼミ・情報リテ(基礎科目）,-,1,1,0,0,前期,水,2,情報リテラシー実践I 33,2
基礎ゼミ・情報リテ(基礎科目）,-,1,1,0,0,前期,水,2,情報リテラシー実践I 34,2
基礎ゼミ・情報リテ(基礎科目）,-,1,1,0,0,前期,水,2,情報リテラシー実践I 35,2
基礎ゼミ・情報リテ(基礎科目）,-,1,1,0,0,前期,水,3,情報リテラシー実践I 55,2
基礎ゼミ・情報リテ(基礎科目）,-,1,1,0,0,前期,水,3,情報リテラシー実践I 62,2
基礎ゼミ・情報リテ(基礎科目）,-,1,1,0,0,前期,水,3,情報リテラシー実践I 66,2
基礎ゼミ・情報リテ(基礎科目）,-,1,1,0,0,前期,水,3,情報リテラシー実践I 64,2
基礎ゼミ・情報リテ(基礎科目）,-,1,1,0,0,前期,水,4,基礎ゼミナール,2
基礎ゼミ・情報リテ(基礎科目）,-,1,1,0,0,前期,水,4,基礎ゼミナール,2
基礎ゼミ・情報リテ(基礎科目）,-,1,1,0,0,前期,水,4,基礎ゼミナール,2
基礎ゼミ・情報リテ(基礎科目）,-,1,1,0,0,前期,水,4,基礎ゼミナール,2
基礎ゼミ・情報リテ(基礎科目）,-,1,1,0,0,前期,水,4,基礎ゼミナール,2
基礎ゼミ・情報リテ(基礎科目）,-,1,1,0,0,前期,水,4,基礎ゼミナール,2
基礎ゼミ・情報リテ(基礎科目）,-,1,1,0,0,前期,水,4,基礎ゼミナール,2
基礎ゼミ・情報リテ(基礎科目）,-,1,1,0,0,前期,水,4,基礎ゼミナール,2
基礎ゼミ・情報リテ(基礎科目）,-,1,1,0,0,前期,水,4,基礎ゼミナール,2
基礎ゼミ・情報リテ(基礎科目）,-,1,1,0,0,前期,水,4,基礎ゼミナール,2
基礎ゼミ・情報リテ(基礎科目）,-,1,1,0,0,前期,水,4,基礎ゼミナール,2
基礎ゼミ・情報リテ(基礎科目）,-,1,1,0,0,前期,水,4,基礎ゼミナール,2
基礎ゼミ・情報リテ(基礎科目）,-,1,1,0,0,前期,水,4,基礎ゼミナール,2
基礎ゼミ・情報リテ(基礎科目）,-,1,1,0,0,前期,水,4,基礎ゼミナール,2
基礎ゼミ・情報リテ(基礎科目）,-,1,1,0,0,前期,水,4,基礎ゼミナール,2
基礎ゼミ・情報リテ(基礎科目）,-,1,1,0,0,前期,水,4,基礎ゼミナール,2
基礎ゼミ・情報リテ(基礎科目）,-,1,1,0,0,前期,水,4,基礎ゼミナール,2
基礎ゼミ・情報リテ(基礎科目）,-,1,1,0,0,前期,水,4,基礎ゼミナール,2
基礎ゼミ・情報リテ(基礎科目）,-,1,1,0,0,前期,水,4,基礎ゼミナール,2
基礎ゼミ・情報リテ(基礎科目）,-,1,1,0,0,前期,水,4,基礎ゼミナール,2
基礎ゼミ・情報リテ(基礎科目）,-,1,1,0,0,前期,水,4,基礎ゼミナール,2
基礎ゼミ・情報リテ(基礎科目）,-,1,1,0,0,前期,水,4,基礎ゼミナール,2
基礎ゼミ・情報リテ(基礎科目）,-,1,1,0,0,前期,木,2,情報リテラシー実践I 68,2
基礎ゼミ・情報リテ(基礎科目）,-,1,1,0,0,前期,木,2,情報リテラシー実践I 63,2
基礎ゼミ・情報リテ(基礎科目）,-,1,1,0,0,前期,木,2,情報リテラシー実践I 61,2
基礎ゼミ・情報リテ(基礎科目）,-,1,1,0,0,前期,木,2,情報リテラシー実践I 69,2
基礎ゼミ・情報リテ(基礎科目）,-,1,1,0,0,前期,木,3,情報リテラシー実践I 21,2
基礎ゼミ・情報リテ(基礎科目）,-,1,1,0,0,前期,木,3,情報リテラシー実践I 22,2
基礎ゼミ・情報リテ(基礎科目）,-,1,1,0,0,前期,木,3,情報リテラシー実践I 23,2
基礎ゼミ・情報リテ(基礎科目）,-,1,1,0,0,前期,木,3,情報リテラシー実践I 24,2
基礎ゼミ・情報リテ(基礎科目）,-,1,1,0,0,前期,木,3,情報リテラシー実践I 25,2
基礎ゼミ・情報リテ(基礎科目）,-,1,1,0,0,前期,木,5,情報リテラシー実践I(再) 92,2
基礎ゼミ・情報リテ(基礎科目）,-,1,1,0,0,前期,金,2,情報リテラシー実践I 56,2
基礎ゼミ・情報リテ(基礎科目）,-,1,1,0,0,前期,金,2,情報リテラシー実践I 43,2
基礎ゼミ・情報リテ(基礎科目）,-,1,1,0,0,前期,金,2,情報リテラシー実践I 52,2
基礎ゼミ・情報リテ(基礎科目）,-,1,1,0,0,前期,金,3,情報リテラシー実践I 15,2
基礎ゼミ・情報リテ(基礎科目）,-,1,1,0,0,前期,金,3,情報リテラシー実践I 11,2
基礎ゼミ・情報リテ(基礎科目）,-,1,1,0,0,前期,金,3,情報リテラシー実践I 12,2
基礎ゼミ・情報リテ(基礎科目）,-,1,1,0,0,前期,金,3,情報リテラシー実践I 13,2
基礎ゼミ・情報リテ(基礎科目）,-,1,1,0,0,前期,金,3,情報リテラシー実践I 14,2
基礎ゼミ・情報リテ(基礎科目）,-,1,1,0,0,前期,金,5,情報リテラシー実践I(再) 91,2
基礎ゼミ・情報リテ(基礎科目）,-,1,1,0,0,前期,金,5,基礎ゼミナール,2
基礎ゼミ・情報リテ(基礎科目）,-,1,1,0,0,前期,金,5,基礎ゼミナール,2
基礎ゼミ・情報リテ(基礎科目）,-,1,1,0,0,前期,金,5,基礎ゼミナール,2
基礎ゼミ・情報リテ(基礎科目）,-,1,1,0,0,前期,金,5,基礎ゼミナール,2
基礎ゼミ・情報リテ(基礎科目）,-,1,1,0,0,前期,金,5,基礎ゼミナール,2
基礎ゼミ・情報リテ(基礎科目）,-,1,1,0,0,前期,金,5,基礎ゼミナール,2
基礎ゼミ・情報リテ(基礎科目）,-,1,1,0,0,前期,金,5,基礎ゼミナール,2
基礎ゼミ・情報リテ(基礎科目）,-,1,1,0,0,前期,金,5,基礎ゼミナール,2
基礎ゼミ・情報リテ(基礎科目）,-,1,1,0,0,前期,金,5,基礎ゼミナール,2
基礎ゼミ・情報リテ(基礎科目）,-,1,1,0,0,前期,金,5,基礎ゼミナール,2
基礎ゼミ・情報リテ(基礎科目）,-,1,1,0,0,前期,金,5,基礎ゼミナール,2
基礎ゼミ・情報リテ(基礎科目）,-,1,1,0,0,前期,金,5,基礎ゼミナール,2
基礎ゼミ・情報リテ(基礎科目）,-,1,1,0,0,後期,月,2,情報リテラシー実践ⅡＢ,2
基礎ゼミ・情報リテ(基礎科目）,-,1,1,0,0,後期,月,2,情報リテラシー実践ⅡＡ,2
基礎ゼミ・情報リテ(基礎科目）,-,1,1,0,0,後期,月,3,情報リテラシー実践ⅡＢ,2
基礎ゼミ・情報リテ(基礎科目）,-,1,1,0,0,後期,月,3,情報リテラシー実践ⅡＣ,2
基礎ゼミ・情報リテ(基礎科目）,-,1,1,0,0,後期,月,4,情報リテラシー実践ⅡＣ,2
基礎ゼミ・情報リテ(基礎科目）,-,1,1,0,0,後期,火,3,情報リテラシー実践ⅡＡ,2
基礎ゼミ・情報リテ(基礎科目）,-,1,1,0,0,後期,火,3,情報リテラシー実践ⅡＣ,2
基礎ゼミ・情報リテ(基礎科目）,-,1,1,0,0,後期,火,3,情報リテラシー実践ⅡＢ,2
基礎ゼミ・情報リテ(基礎科目）,-,1,1,0,0,後期,火,4,情報リテラシー実践ⅡＣ,2
基礎ゼミ・情報リテ(基礎科目）,-,1,1,0,0,後期,火,4,情報リテラシー実践ⅡＡ,2
基礎ゼミ・情報リテ(基礎科目）,-,1,1,0,0,後期,水,2,情報リテラシー実践ⅡＡ,2
基礎ゼミ・情報リテ(基礎科目）,-,1,1,0,0,後期,水,3,情報リテラシー実践ⅡＢ,2
基礎ゼミ・情報リテ(基礎科目）,-,1,1,0,0,後期,水,3,情報リテラシー実践ⅡＣ,2
基礎ゼミ・情報リテ(基礎科目）,-,1,1,0,0,後期,水,4,情報リテラシー実践ⅡＢ,2
基礎ゼミ・情報リテ(基礎科目）,-,1,1,0,0,後期,木,2,情報リテラシー実践ⅡＢ,2
基礎ゼミ・情報リテ(基礎科目）,-,1,1,0,0,後期,木,3,情報リテラシー実践ⅡＢ,2
基礎ゼミ・情報リテ(基礎科目）,-,1,1,0,0,後期,木,3,情報リテラシー実践ⅡＣ,2
基礎ゼミ・情報リテ(基礎科目）,-,1,1,0,0,後期,木,4,情報リテラシー実践ⅡＡ,2
基礎ゼミ・情報リテ(基礎科目）,-,1,1,0,0,後期,金,2,情報リテラシー実践ⅡＢ,2
基礎ゼミ・情報リテ(基礎科目）,-,1,1,0,0,後期,金,2,情報リテラシー実践Iｚ 85,2
基礎ゼミ・情報リテ(基礎科目）,-,1,1,0,0,後期,金,2,情報リテラシー実践ⅡＡ,2
基礎ゼミ・情報リテ(基礎科目）,-,1,1,0,0,後期,金,3,情報リテラシー実践ⅡＡ,2
基礎ゼミ・情報リテ(基礎科目）,-,1,1,0,0,後期,金,3,情報リテラシー実践ⅡＢ,2
専門教育科目群,アーキテクチャ系科目 (選択必修),0,1,0,0,前期,月,1,オペレーティングシステム（CS）【2024年度以前入学生】,2
専門教育科目群,アーキテクチャ系科目 (選択必修),0,1,0,0,前期,月,1,オペレーティングシステム（EECS）,2
専門教育科目群,アーキテクチャ系科目 (選択必修),0,1,0,0,前期,月,2,コンピュータアーキテクチャ基礎論（CS）【2024年度以前入学生】,2
専門教育科目群,アーキテクチャ系科目 (選択必修),0,1,0,0,前期,月,2,コンピュータアーキテクチャ基礎論（EECS）,2
専門教育科目群,学科基礎科目 (選択必修),1,0,0,0,後期,月,2,プログラミング言語論（CS）,2
専門教育科目群,学科基礎科目 (選択必修),1,0,0,0,後期,月,2,プログラミング言語論（EECS）,2
専門教育科目群,学科基礎科目 (選択必修),0,1,0,0,前期,月,3,データ構造とアルゴリズムII（CS）,2
専門教育科目群,アーキテクチャ系科目 (選択必修),0,0,1,0,前期,月,4,インターネット（CS）,2
専門教育科目群,アーキテクチャ系科目 (選択必修),0,0,1,0,前期,月,4,インターネット（EECS）,2
専門教育科目群,学科基礎科目 (選択必修),0,1,0,0,前期,月,3,データ構造とアルゴリズムII（EECS）,2
専門教育科目群,アーキテクチャ系科目 (選択必修),0,0,1,0,後期,火,2,現代計算機アーキテクチャ（CS）,2
専門教育科目群,学科基礎科目 (選択必修),1,0,0,0,後期,月,3,情報数学A,2
専門教育科目群,アーキテクチャ系科目 (選択必修),0,0,1,0,後期,火,2,現代計算機アーキテクチャ（EECS）,2
専門教育科目群,領域導入科目(必修),1,0,0,0,前期,月,4,情報科学概論１,2
専門教育科目群,学科基礎科目 (選択必修),0,1,0,0,前期,月,4,形式言語とオートマトン（CS）,2
専門教育科目群,アーキテクチャ系科目 (選択必修),0,0,1,0,前期,水,2,分散処理（CS）,2
専門教育科目群,学科基礎科目 (選択必修),0,1,0,0,前期,月,4,形式言語とオートマトン（EECS）,2
専門教育科目群,アーキテクチャ系科目 (選択必修),0,0,1,0,前期,水,2,分散処理（EECS）,2
専門教育科目群,領域導入科目(必修),1,0,0,0,後期,月,4,情報科学概論２,2
専門教育科目群,アーキテクチャ系科目 (選択必修),0,0,1,0,後期,水,2,並列処理（CS）,2
専門教育科目群,基礎理論系科目 (選択必修),0,1,0,0,後期,月,5,計算理論（CS）【2025年度以降入学生】,2
専門教育科目群,アーキテクチャ系科目 (選択必修),0,0,1,0,後期,水,2,並列処理（EECS）,2
専門教育科目群,アーキテクチャ系科目 (選択必修),0,0,1,0,後期,木,1,VLSI設計（CS）,2
専門教育科目群,基礎理論系科目 (選択必修),0,1,0,0,前期,火,2,計算理論（CS）【2024年度以前入学生】,2
専門教育科目群,基礎理論系科目 (選択必修),0,1,0,0,前期,火,2,計算理論（EECS）,2
専門教育科目群,学科基礎科目 (選択必修),1,0,0,0,後期,火,2,データ構造とアルゴリズムⅠ（CS）,2
専門教育科目群,アーキテクチャ系科目 (選択必修),0,0,1,0,後期,木,1,VLSI設計（EECS）,2
専門教育科目群,学科基礎科目 (選択必修),1,0,0,0,後期,火,2,データ構造とアルゴリズムⅠ（EECS）,2
専門教育科目群,アーキテクチャ系科目 (選択必修),0,0,1,0,後期,木,2,無線ネットワーク（CS）,2
専門教育科目群,アーキテクチャ系科目 (選択必修),0,0,1,0,後期,木,2,無線ネットワーク（EECS）,2
専門教育科目群,アーキテクチャ系科目 (選択必修),0,0,1,0,集中,他,0,ソフトウェア工学（CS）,2
専門教育科目群,基礎理論系科目 (選択必修),0,1,0,0,後期,火,3,スクリプト言語演習（EECS）,2
専門教育科目群,学科基礎科目 (選択必修),0,1,0,0,前期,火,4,計算機システム（CS）,2
専門教育科目群,学科基礎科目 (選択必修),0,1,0,0,前期,火,4,計算機システム（EECS）,2
専門教育科目群,学部共通科目(選択),0,0,1,0,集中,他,0,インターンシップ（CS）１,1
専門教育科目群,学部共通科目(選択),0,0,1,0,集中,他,0,インターンシップ（CS）２,2
専門教育科目群,アーキテクチャ系科目 (選択必修),0,1,0,0,後期,火,4,コンピュータアーキテクチャ基礎論（CS）【2025年度以降入学生】,2
専門教育科目群,コンテンツ系科目 (選択必修),0,1,0,0,後期,火,4,信号処理（EECS）,2
専門教育科目群,コンテンツ系科目 (選択必修),0,1,0,0,後期,火,4,信号処理,2
専門教育科目群,アーキテクチャ系科目 (選択必修),0,0,1,0,集中,他,0,ソフトウェア工学（EECS）,2
専門教育科目群,学部共通科目(選択),0,0,1,0,集中,他,0,インターンシップ（EECS）１,1
専門教育科目群,基礎理論系科目 (選択必修),0,1,0,0,後期,火,5,スクリプト言語演習（CS）,2
専門教育科目群,コンテンツ系科目 (選択必修),0,1,0,0,後期,水,1,Usability Engineering,2
専門教育科目群,基礎理論系科目 (選択必修),0,1,0,0,前期,水,2,情報論理学（CS）【2024年度以前入学生】,2
専門教育科目群,学部共通科目(選択),0,0,1,0,集中,他,0,インターンシップ（EECS）２,2
専門教育科目群,基礎理論系科目 (選択必修),0,1,0,0,前期,水,2,情報論理学（EECS）,2
専門教育科目群,学部共通科目(選択),0,0,1,0,集中,他,0,インターンシップ（MSE）１,1
専門教育科目群,学科基礎科目 (選択必修),0,1,0,0,後期,水,2,データ構造とアルゴリズム演習（CS）,2
専門教育科目群,学部共通科目(選択),0,0,1,0,集中,他,0,インターンシップ（MSE）２,2
専門教育科目群,学科基礎科目 (選択必修),0,1,0,0,後期,水,2,データ構造とアルゴリズム演習（EECS）,2
専門教育科目群,学部共通科目(選択),0,0,1,0,集中,他,0,インターンシップ（AA）１,1
専門教育科目群,学部共通科目(選択),0,0,1,0,集中,他,0,インターンシップ（AA）２,2
専門教育科目群,学部共通科目(選択),0,0,1,0,集中,他,0,インターンシップ（IA）１,1
専門教育科目群,学科基礎科目 (選択必修),0,1,0,0,前期,水,3,情報数学B,2
専門教育科目群,学部共通科目(選択),0,0,1,0,集中,他,0,インターンシップ（IA）２,2
専門教育科目群,学部共通科目(選択),0,0,1,0,後期,木,3,システムデザイン論,2
専門教育科目群,学科基礎科目 (選択必修),1,0,0,0,後期,水,3,論理回路（CS）,2
専門教育科目群,学科基礎科目 (選択必修),0,1,0,0,後期,水,3,計算数理,2
専門教育科目群,学科基礎科目 (選択必修),1,0,0,0,後期,水,3,論理回路（EECS）,2
専門教育科目群,学科基礎科目 (選択必修),1,0,0,0,後期,水,3,プログラミング演習Ⅰ,2
専門教育科目群,学科基礎科目 (選択必修),1,0,0,0,後期,水,3,論理回路（EE）,2
専門教育科目群,コンテンツ系科目 (選択必修),0,0,1,0,前期,月,3,HCI,2
専門教育科目群,学科基礎科目 (選択必修),0,1,0,0,前期,水,4,プログラミング基礎演習Ⅱ（EECS）,2
専門教育科目群,実験科目・特別研究(必修）,0,1,0,0,後期,水,4,システムプログラミング実験,2
専門教育科目群,コンテンツ系科目 (選択必修),0,0,1,0,前期,火,3,波動計測処理,2
専門教育科目群,学科基礎科目 (選択必修),1,0,0,0,後期,水,4,プログラミング基礎演習Ⅰ（EECS）,2
専門教育科目群,コンテンツ系科目 (選択必修),0,0,1,0,後期,火,3,知的エージェント,2
専門教育科目群,実験科目・特別研究(必修）,0,1,0,0,後期,水,5,システムプログラミング実験,2
専門教育科目群,コンテンツ系科目 (選択必修),0,0,1,0,後期,火,4,データマイニング,2
専門教育科目群,コンテンツ系科目 (選択必修),0,0,1,0,後期,火,5,感性工学,2
専門教育科目群,コンテンツ系科目 (選択必修),0,0,1,0,前期,水,3,ネットワークダイナミクス,2
専門教育科目群,コンテンツ系科目 (選択必修),0,0,1,0,後期,水,4,音響・音声信号処理,2
専門教育科目群,コンテンツ系科目 (選択必修),0,0,1,0,後期,金,2,パターン認識（CS）,2
専門教育科目群,コンテンツ系科目 (選択必修),0,0,1,0,後期,金,2,パターン認識（EECS）,2
専門教育科目群,コンテンツ系科目 (選択必修),0,0,1,0,後期,金,3,バーチャルリアリティ,2
専門教育科目群,学科基礎科目 (選択必修),1,0,0,0,後期,木,3,プログラミング基礎演習Ⅰ（CS）,2
専門教育科目群,コンテンツ系科目 (選択必修),0,0,1,0,前期,水,4,画像処理（CS）,2
専門教育科目群,基礎理論系科目 (選択必修),0,1,0,0,後期,木,4,応用統計学（CS),2
専門教育科目群,基礎理論系科目 (選択必修),0,1,0,0,前期,金,1,情報論理学（CS）【2025年度以降入学生】,2
専門教育科目群,基礎理論系科目 (選択必修),0,1,0,0,前期,金,1,応用統計学（EECS）,2
専門教育科目群,コンテンツ系科目 (選択必修),0,0,1,0,前期,水,4,画像処理（EECS）,2
専門教育科目群,学科基礎科目 (選択必修),0,1,0,0,前期,金,2,微分積分・線形代数演習,2
専門教育科目群,学部共通科目(選択),0,0,1,0,後期,水,3,工学倫理,2
専門教育科目群,アーキテクチャ系科目 (選択必修),0,1,0,0,後期,金,2,ソフトウェア構成論（CS）,2
専門教育科目群,学部共通科目(選択),0,0,1,0,前期,水,5,科学技術英語第一,2
専門教育科目群,アーキテクチャ系科目 (選択必修),0,1,0,0,後期,金,2,ソフトウェア構成論（EECS）,2
専門教育科目群,学部共通科目(選択),0,0,1,0,後期,水,5,科学技術英語第二,2
専門教育科目群,学科基礎科目 (選択必修),0,1,0,0,前期,金,3,プログラミング基礎演習Ⅱ（CS）,2
専門教育科目群,基礎理論系科目 (選択必修),0,0,1,0,前期,月,3,符号理論（CS）,2
専門教育科目群,基礎理論系科目 (選択必修),0,0,1,0,前期,月,3,符号理論（EECS）,2
専門教育科目群,基礎理論系科目 (選択必修),0,1,0,0,前期,金,4,人工知能,2
専門教育科目群,基礎理論系科目 (選択必修),0,0,1,0,前期,火,1,オブジェクト指向型言語（CS）,2
専門教育科目群,学部共通科目(選択),0,0,0,1,後期,金,4,産業と法規,2
専門教育科目群,アーキテクチャ系科目 (選択必修),0,1,0,0,後期,金,4,オペレーティングシステム（CS）【2025年度以降入学生】,2
専門教育科目群,コンテンツ系科目 (選択必修),0,1,0,0,前期,金,5,信号処理（CS）,2
専門教育科目群,学部共通科目(選択),0,1,0,0,集中,他,0,情報と職業,2
専門教育科目群,学部共通科目(選択),0,0,0,1,集中,他,0,経営工学概論,2
専門教育科目群,基礎理論系科目 (選択必修),0,0,1,0,前期,火,1,オブジェクト指向型言語（EECS）,2
専門教育科目群,ゼミナール(選択),0,0,1,0,集中,他,0,情報科学ゼミナール,2
専門教育科目群,基礎理論系科目 (選択必修),0,0,1,0,前期,水,3,暗号理論（CS）,2
専門教育科目群,基礎理論系科目 (選択必修),0,0,1,0,前期,水,3,暗号理論（EECS）,2
専門教育科目群,実験科目・特別研究(必修）,0,0,0,1,集中,他,0,情報科学特別研究１,4
専門教育科目群,実験科目・特別研究(必修）,0,0,0,1,集中,他,0,情報科学特別研究２,4
専門教育科目群,基礎理論系科目 (選択必修),0,0,1,0,前期,水,4,応用確率論,2
専門教育科目群,基礎理論系科目 (選択必修),0,0,1,0,前期,木,1,情報理論（CS）,2
専門教育科目群,基礎理論系科目 (選択必修),0,0,1,0,前期,木,1,情報理論（EECS）,2
専門教育科目群,基礎理論系科目 (選択必修),0,0,1,0,前期,金,2,情報セキュリティ（CS）,2
専門教育科目群,基礎理論系科目 (選択必修),0,0,1,0,前期,金,2,情報セキュリティ（EECS）,2
専門教育科目群,基礎理論系科目 (選択必修),0,0,1,0,前期,金,3,機械学習,2
専門教育科目群,基礎理論系科目 (選択必修),0,0,1,0,前期,金,4,確率モデリング,2
専門教育科目群,実験科目・特別研究(必修）,0,0,1,0,前期,木,3,応用プログラミング実験,2
専門教育科目群,実験科目・特別研究(必修）,0,0,1,0,前期,木,4,応用プログラミング実験,2
専門教育科目群,コンテンツ系科目 (選択必修),0,0,1,0,後期,火,3,データベース（副専攻）,2
専門教育科目群,コンテンツ系科目 (選択必修),0,0,1,0,後期,月,4,自然言語処理,2
